﻿[{"name":".DS_Store","isFile":true,"size":8196,"lmdt":1701530402323,"path":".DS_Store","uuid":"48fb0820-9126-11ee-a95b-af778ea64bea","extension":"ds_store","tags":[]},{"name":"carpeta sin título","isFile":false,"path":"carpeta sin título","uuid":"48fb0821-9126-11ee-a95b-af778ea64bea","extension":"","tags":[]},{"name":"boton_ajustes_vectorial.svg","isFile":true,"size":53782,"lmdt":1701525874065,"path":"boton_ajustes_vectorial.svg","meta":{"tags":[{"title":"imagen","color":"#61DD61","textcolor":"white","type":"sidecar"},{"title":"vectorial","color":"#61DD61","textcolor":"white","type":"sidecar"},{"title":"menu","color":"#61DD61","textcolor":"white","type":"sidecar"}],"appName":"TagSpaces","appVersion":"5.1.3","lastUpdated":"2023-12-02T15:04:47.337Z"},"uuid":"48fb2f30-9126-11ee-a95b-af778ea64bea","extension":"svg","tags":[{"title":"imagen","color":"#61DD61","textcolor":"white"},{"title":"vectorial","color":"#61DD61","textcolor":"white"},{"title":"menu","color":"#61DD61","textcolor":"white"}],"thumbPath":".ts/boton_ajustes_vectorial.svg.jpg"},{"name":"boton_play_vectorial.svg","isFile":true,"size":273210,"lmdt":1701525475037,"path":"boton_play_vectorial.svg","meta":{"tags":[{"title":"imagen","color":"#61DD61","textcolor":"white","type":"sidecar"},{"title":"vectorial","color":"#61DD61","textcolor":"white","type":"sidecar"},{"title":"play","color":"#61DD61","textcolor":"white","type":"sidecar"},{"title":"agradecimientos","color":"#61DD61","textcolor":"white","type":"sidecar"}],"appName":"TagSpaces","appVersion":"5.1.3","lastUpdated":"2023-12-02T15:05:33.405Z"},"uuid":"48fb2f31-9126-11ee-a95b-af778ea64bea","extension":"svg","tags":[{"title":"imagen","color":"#61DD61","textcolor":"white"},{"title":"vectorial","color":"#61DD61","textcolor":"white"},{"title":"play","color":"#61DD61","textcolor":"white"},{"title":"agradecimientos","color":"#61DD61","textcolor":"white"}],"thumbPath":".ts/boton_play_vectorial.svg.jpg"},{"name":"boton_salida_vectorial.svg","isFile":true,"size":61496,"lmdt":1701525754399,"path":"boton_salida_vectorial.svg","meta":{"tags":[{"title":"imagen","color":"#61DD61","textcolor":"white","type":"sidecar"},{"title":"vectorial","color":"#61DD61","textcolor":"white","type":"sidecar"},{"title":"menu","color":"#61DD61","textcolor":"white","type":"sidecar"}],"appName":"TagSpaces","appVersion":"5.1.3","lastUpdated":"2023-12-02T15:05:08.183Z"},"uuid":"48fb2f32-9126-11ee-a95b-af778ea64bea","extension":"svg","tags":[{"title":"imagen","color":"#61DD61","textcolor":"white"},{"title":"vectorial","color":"#61DD61","textcolor":"white"},{"title":"menu","color":"#61DD61","textcolor":"white"}],"thumbPath":".ts/boton_salida_vectorial.svg.jpg"},{"name":"fondo_agradecimientos.jpg","isFile":true,"size":232396,"lmdt":1631898916000,"path":"fondo_agradecimientos.jpg","meta":{"tags":[{"title":"imagen","color":"#61DD61","textcolor":"white","type":"sidecar"},{"title":"mapadebits","color":"#61DD61","textcolor":"white","type":"sidecar"},{"title":"agradecimientos","color":"#61DD61","textcolor":"white","type":"sidecar"}],"appName":"TagSpaces","appVersion":"5.1.3","lastUpdated":"2023-12-02T15:20:02.227Z"},"uuid":"48fb2f33-9126-11ee-a95b-af778ea64bea","extension":"jpg","tags":[{"title":"imagen","color":"#61DD61","textcolor":"white"},{"title":"mapadebits","color":"#61DD61","textcolor":"white"},{"title":"agradecimientos","color":"#61DD61","textcolor":"white"}]},{"name":"fondo_menu.jpg","isFile":true,"size":716437,"lmdt":1648713370000,"path":"fondo_menu.jpg","meta":{"tags":[{"title":"imagen","color":"#61DD61","textcolor":"white","type":"sidecar"},{"title":"mapadebits","color":"#61DD61","textcolor":"white","type":"sidecar"},{"title":"menu","color":"#61DD61","textcolor":"white","type":"sidecar"}],"appName":"TagSpaces","appVersion":"5.1.3","lastUpdated":"2023-12-02T15:19:51.693Z"},"uuid":"48fb2f34-9126-11ee-a95b-af778ea64bea","extension":"jpg","tags":[{"title":"imagen","color":"#61DD61","textcolor":"white"},{"title":"mapadebits","color":"#61DD61","textcolor":"white"},{"title":"menu","color":"#61DD61","textcolor":"white"}]},{"name":"garcia_mardones_angela_RPMI_02_TareaEvaluativa_audio.wav","isFile":true,"size":5828310,"lmdt":1699710188952,"path":"garcia_mardones_angela_RPMI_02_TareaEvaluativa_audio.wav","meta":{"tags":[{"title":"audio","color":"#61DD61","textcolor":"white","type":"sidecar"},{"title":"agradecimientos","color":"#61DD61","textcolor":"white","type":"sidecar"}],"appName":"TagSpaces","appVersion":"5.1.3","lastUpdated":"2023-12-02T15:04:06.264Z"},"uuid":"48fb2f35-9126-11ee-a95b-af778ea64bea","extension":"wav","tags":[{"title":"audio","color":"#61DD61","textcolor":"white"},{"title":"agradecimientos","color":"#61DD61","textcolor":"white"}]},{"name":"logo_gameak_vectorial.svg","isFile":true,"size":228119,"lmdt":1701525302872,"path":"logo_gameak_vectorial.svg","meta":{"tags":[{"title":"imagen","color":"#61DD61","textcolor":"white","type":"sidecar"},{"title":"vectorial","color":"#61DD61","textcolor":"white","type":"sidecar"},{"title":"menu","color":"#61DD61","textcolor":"white","type":"sidecar"}],"appName":"TagSpaces","appVersion":"5.1.3","lastUpdated":"2023-12-02T15:05:20.657Z"},"uuid":"48fb2f36-9126-11ee-a95b-af778ea64bea","extension":"svg","tags":[{"title":"imagen","color":"#61DD61","textcolor":"white"},{"title":"vectorial","color":"#61DD61","textcolor":"white"},{"title":"menu","color":"#61DD61","textcolor":"white"}],"thumbPath":".ts/logo_gameak_vectorial.svg.jpg"},{"name":"fondo_agradecimientos.jpg","isFile":true,"size":232396,"lmdt":1701529710626,"path":"carpeta sin título/fondo_agradecimientos.jpg","uuid":"48fbf280-9126-11ee-a95b-af778ea64bea","extension":"jpg","tags":[]},{"name":"fondo_menu.jpg","isFile":true,"size":716437,"lmdt":1701529710628,"path":"carpeta sin título/fondo_menu.jpg","uuid":"48fbf281-9126-11ee-a95b-af778ea64bea","extension":"jpg","tags":[]},{"name":"boton_ajustes_vectorial.svg","isFile":true,"size":53782,"lmdt":1701529710627,"path":"carpeta sin título/boton_ajustes_vectorial.svg","meta":{"tags":[{"title":"imagen","color":"#61DD61","textcolor":"white","type":"sidecar"},{"title":"vectorial","color":"#61DD61","textcolor":"white","type":"sidecar"},{"title":"menu","color":"#61DD61","textcolor":"white","type":"sidecar"}],"appName":"TagSpaces","appVersion":"5.1.3","lastUpdated":"2023-12-02T15:04:47.337Z"},"uuid":"48fbf282-9126-11ee-a95b-af778ea64bea","extension":"svg","tags":[{"title":"imagen","color":"#61DD61","textcolor":"white"},{"title":"vectorial","color":"#61DD61","textcolor":"white"},{"title":"menu","color":"#61DD61","textcolor":"white"}],"thumbPath":"carpeta sin título/.ts/boton_ajustes_vectorial.svg.jpg"},{"name":"boton_play_vectorial.svg","isFile":true,"size":273210,"lmdt":1701529710627,"path":"carpeta sin título/boton_play_vectorial.svg","meta":{"tags":[{"title":"imagen","color":"#61DD61","textcolor":"white","type":"sidecar"},{"title":"vectorial","color":"#61DD61","textcolor":"white","type":"sidecar"},{"title":"play","color":"#61DD61","textcolor":"white","type":"sidecar"},{"title":"agradecimientos","color":"#61DD61","textcolor":"white","type":"sidecar"}],"appName":"TagSpaces","appVersion":"5.1.3","lastUpdated":"2023-12-02T15:05:33.405Z"},"uuid":"48fbf283-9126-11ee-a95b-af778ea64bea","extension":"svg","tags":[{"title":"imagen","color":"#61DD61","textcolor":"white"},{"title":"vectorial","color":"#61DD61","textcolor":"white"},{"title":"play","color":"#61DD61","textcolor":"white"},{"title":"agradecimientos","color":"#61DD61","textcolor":"white"}],"thumbPath":"carpeta sin título/.ts/boton_play_vectorial.svg.jpg"},{"name":"boton_salida_vectorial.svg","isFile":true,"size":61496,"lmdt":1701529710625,"path":"carpeta sin título/boton_salida_vectorial.svg","meta":{"tags":[{"title":"imagen","color":"#61DD61","textcolor":"white","type":"sidecar"},{"title":"vectorial","color":"#61DD61","textcolor":"white","type":"sidecar"},{"title":"menu","color":"#61DD61","textcolor":"white","type":"sidecar"}],"appName":"TagSpaces","appVersion":"5.1.3","lastUpdated":"2023-12-02T15:05:08.183Z"},"uuid":"48fbf284-9126-11ee-a95b-af778ea64bea","extension":"svg","tags":[{"title":"imagen","color":"#61DD61","textcolor":"white"},{"title":"vectorial","color":"#61DD61","textcolor":"white"},{"title":"menu","color":"#61DD61","textcolor":"white"}],"thumbPath":"carpeta sin título/.ts/boton_salida_vectorial.svg.jpg"},{"name":"garcia_mardones_angela_RPMI_02_TareaEvaluativa_audio.wav","isFile":true,"size":5828310,"lmdt":1701529710644,"path":"carpeta sin título/garcia_mardones_angela_RPMI_02_TareaEvaluativa_audio.wav","meta":{"tags":[{"title":"audio","color":"#61DD61","textcolor":"white","type":"sidecar"},{"title":"agradecimientos","color":"#61DD61","textcolor":"white","type":"sidecar"}],"appName":"TagSpaces","appVersion":"5.1.3","lastUpdated":"2023-12-02T15:04:06.264Z"},"uuid":"48fbf285-9126-11ee-a95b-af778ea64bea","extension":"wav","tags":[{"title":"audio","color":"#61DD61","textcolor":"white"},{"title":"agradecimientos","color":"#61DD61","textcolor":"white"}]},{"name":"logo_gameak_vectorial.svg","isFile":true,"size":228119,"lmdt":1701529710624,"path":"carpeta sin título/logo_gameak_vectorial.svg","meta":{"tags":[{"title":"imagen","color":"#61DD61","textcolor":"white","type":"sidecar"},{"title":"vectorial","color":"#61DD61","textcolor":"white","type":"sidecar"},{"title":"menu","color":"#61DD61","textcolor":"white","type":"sidecar"}],"appName":"TagSpaces","appVersion":"5.1.3","lastUpdated":"2023-12-02T15:05:20.657Z"},"uuid":"48fbf286-9126-11ee-a95b-af778ea64bea","extension":"svg","tags":[{"title":"imagen","color":"#61DD61","textcolor":"white"},{"title":"vectorial","color":"#61DD61","textcolor":"white"},{"title":"menu","color":"#61DD61","textcolor":"white"}],"thumbPath":"carpeta sin título/.ts/logo_gameak_vectorial.svg.jpg"}]